tipo_item,cap_id,cap_nome,cap_tipo,score_final,design,originality,craft,functionality,gargalo,patch_top1,patch_top2,defeito_id,defeito_titulo,prioridade,esforco_estimado_h
capitulo,1,Sistemas Biológicos,base,0.74,0.7,0.6,0.7,0.9,Originality (zero analogia-âncora violando §2.3; tikz comentados nas linhas 689–700),"Inserir 1 analogia-âncora (10–30 palavras) conectando sistemas vivos a algo cotidiano do aluno da UNESP (ex.: robótica caseira, cozinha, fermentação)","Ativar ou remover o bloco TikZ comentado (decidir uma vez, não deixar ruído no source)",,,atenção,
capitulo,4,Mathematics,tecnico,0.84,0.8,0.8,0.9,0.9,Design (resumos intermediários faltam; ritmo denso sem pausa visual entre seções),"Inserir 2–3 slides-síntese entre as 4 seções principais (Intro/Matemática/Modelagem/Cálculo), cada um com 3 bullets-síntese",Adicionar uma capa visual distinta para o capítulo (não apenas title frame padrão),,,ok,
capitulo,15,Emerging Topics,prospectivo,0.78,0.7,0.7,0.8,0.85,"Design (100% TikZ cria monocromia visual + 31× shrink), Originality (profundidade assimétrica não marcada nos 6 tópicos)","Substituir ≥3 diagramas TikZ por \includegraphics de figuras externas (curvas Cryo-EM, redes ML) para quebrar a paleta monocromática","Marcar no slide de introdução: 'neste cap: A e B (profundos), C, D, E, F (survey)'",,,ok,
capitulo,2,Modelagem Matemática,tecnico,0.77,0.6,0.85,0.75,0.85,Design (21× shrink + densidade muito alta de lstlistings sem pause visual) e Functionality (slide final = 'Obrigado!'; sem recap),Substituir slide '\Huge Obrigado!' por recapitulação com 5 bullets-síntese + mapa de conexões entre os 5 modelos,Agrupar lstlistings múltiplos em um único ambiente tabular (reduz 21 shrinks para ≤8 + permite side-by-side comparison),,,ok,
capitulo,3,Static Networks,tecnico,0.76,0.5,0.85,0.65,0.85,Craft (57× [shrink=N] — pior do projeto; 10/11 lstlistings sem caption/frase de contexto),Auditoria obrigatória: escrever 1 frase 'O que este código faz' antes de cada lstlisting + adicionar caption,Reduzir 57 shrinks: agrupar lstlistings curtos em frames tabulares (alvo: ≤15 shrinks total),,,ok,
capitulo,5,Parameter Estimation,tecnico,0.87,0.8,0.9,0.9,0.9,Functionality (slide final 'Obrigado!' sem recap — único defeito significativo),"Adicionar slide de recapitulação com 5 bullets + 1 mapa dos 4 métodos comparados (MLE, Bayesian, Profile, Bootstrap)",Adicionar gabarito ou link .ipynb para os 3 Projetos Práticos (cumpre 'Excellent' ≥0.9),,,ok,
capitulo,6,Sistemas Gênicos,base,0.67,0.6,0.5,0.7,0.85,Originality (zero analogia-âncora em capítulo base — violação direta da §2.3; Originality ≤0.5),Escrever 1 analogia-âncora na Introdução (10–30 palavras): relacionar regulação gênica a switches elétricos caseiros (analogia boa para alunos de física/biofísica),Reduzir 21 shrinks: particionar lstlistings longos em no máximo 2 por slide,,,atenção,
capitulo,7,Protein Systems,base,0.69,0.5,0.5,0.8,0.85,Design (66% dos frames com shrink — ritmo visual comprometido) e Originality (sem analogia-âncora),Quebrar 46 shrinks em ≤15: revisar slides `[shrink=40+]` e cortar conteúdo redundante,Inserir analogia-âncora comparando enovelamento proteico (path no landscape energético) a um labirinto 3D — toque visual + conceitual,,,atenção,
capitulo,8,Metabolic Systems,base,0.67,0.6,0.5,0.75,0.7,"Functionality (3 questões para 56 frames = 5,4%/frame; abaixo do alvo §4.2 ≥5) + Originality","Adicionar 5 questões práticas cobrindo FBA, regulação alostérica, balanço de massa e dualidade cinética (cobrir melhor os 6 tópicos)",Inserir analogia-âncora na Introdução (sistema metabólico = indústria química microscópica com estoques e fluxos),,,atenção,
capitulo,9,Signaling Systems,base,0.61,0.5,0.4,0.7,0.7,Originality + Design (cumulativos: zero analogia-âncora + 37 shrinks; signals desbalanceados),Escrever 3 analogias-âncoras (cascade signal = dominó + cascata de amplifiers em eletrônica; MAP kinase = interruptor dimmer vs on/off),"Substituir 37 shrinks: revisar frames `[shrink=20+]` reduzindo conteúdo, objetivo ≤10 shrinks",,,crítica,
capitulo,10,Population Systems,base,0.68,0.6,0.55,0.7,0.8,"Design (34 shrinks, 6 sobre lstlistings) + Originality (fronteira técnica: pede mais atribuição histórica, não só analogia)",Quebrar lstlistings em ≤2 por slide (alinhamento com Cap 6 também) — alvo 5 lstlistings sem shrink,Adicionar atribuição histórica para Lotka-Volterra (1925–1926) + Bartlett (1957) na seção de introdução de modelos,,,atenção,
capitulo,11,Integrated Analysis,prospectivo,0.65,0.7,0.5,0.75,0.7,Originality (cap prospectivo sem declaração de profundidade assimétrica — violação §2.3),Adicionar slide de abertura declarando: 'neste cap: Multi-Ômica + Caso Trealose (profundos); Redes e Modelos integrados (survey)',Criar 1 caso extra integrador com lstlisting que combine omics + network analysis (alinhamento com Functionality),,,atenção,
capitulo,12,Heart Physiology,prospectivo,0.66,0.65,0.55,0.75,0.75,Originality (cap prospectivo com 8 seções sem declaração de quais são fundo vs survey) + Design (38 shrinks),Slide de abertura explicitando: 'neste cap: Eletrofisiologia + Acoplamento (fundo); Anatomia + Propagação (survey)',Reduzir 38 shrinks: revisar frames com lstlistings ou mapas de canais iônicos — alvo ≤15,,,atenção,
capitulo,13,Systems Medicine,prospectivo,0.65,0.65,0.55,0.7,0.7,Originality (4 seções tratadas como survey puro: nenhumaprofundou; lstlistings só em 2 lugares — Cap 13 é o caso mais grave de 'tudo survey'),Marcar no slide inicial: 'neste cap: Medicina Personalizada + Ensaios Clínicos (fundo); Descoberta + Doenças Complexas (survey)',"Adicionar ≥2 lstlistings na seção de Medicina Personalizada (PK, clustering) com comparações visíveis",,,atenção,
capitulo,14,Design Systems,prospectivo,0.72,0.65,0.6,0.8,0.8,Originality (sem declaração profundidade/survey; cap prospectivo) + Design (41 shrinks),Slide de abertura: 'neste cap: Circuitos sintéticos + Biocomputação (fundo); Biossensores + Therapeutic design (survey)',Adicionar slide de recapitulação final (substitui 'Obrigado!') com 5 bullets + roadmap para capítulos futuros,,,atenção,
defeito_sistemico,,,,,,,,,,"Substituir '\Huge Obrigado!' por slide 'Recapitulação' com 5 bullets-síntese: (1) ideia central, (2) modelo(s)-chave, (3) insight pedagógico, (4) gancho com próximo cap, (5) referência a lstlisting principal",,DR-1,Slide 'Obrigado!' sem recapitulação,universal,
defeito_sistemico,,,,,,,,,,"Inserir 1 bloco \begin{block}{Analogia}\end{block} logo após o §Objetivos, com 10–30 palavras. Exemplo cap 9: 'Uma cascata de sinalização celular funciona como uma fiação de amplificadores em série — cada amplificador (MAPK) é precedido por outro, formando um sinal nítido mesmo quando a entrada é fraca.'",,DR-2,Analogia-âncora ausente em capítulos-base,universal,
defeito_sistemico,,,,,,,,,,"Auditoria frame a frame: se [shrink>=20], dividir em 2 frames ou cortar conteúdo redundante. Alvo: ≤15 shrinks total por cap.",,DR-3,[shrink=N] excessivo (alerta de overflow crônico),parcial,
defeito_sistemico,,,,,,,,,,"Slide de abertura logo após Objetivos: 'Estrutura do capítulo: [Seção A] (fundo, ~50%) — [Seção B] (survey, ~30%) — [Seção C] (survey, ~20%)'. Indicar com símbolos [f] e [s].",,DR-4,Profundidade assimétrica não declarada em capítulos-prospectivos,universal,
defeito_sistemico,,,,,,,,,,Adicionar 'caption=Nome descritivo' como argumento do lstlisting + frase anterior 'Este código resolve: ...'. Pode ser automatizado com script grep que detecta lstlistings sem caption e injeta placeholder.,,DR-5,lstlistings sem caption ou frase de contexto,parcial,
